City_ID,City,Country,Date,Lat,Lng,Max Temp,Humidity,Cloudiness,Wind Speed
0,Vaini,TO,2022-07-07 21:14:37,-21.2,-175.2,75.36,69,20,9.22
1,Muros,ES,2022-07-07 21:14:37,42.7762,-9.0603,74.08,67,0,12.84
2,Tucuman,AR,2022-07-07 21:14:38,-26.8241,-65.2226,59.0,33,0,4.61
3,San Patricio,US,2022-07-07 21:14:38,28.017,-97.5169,98.17,41,2,17.31
4,Hobart,AU,2022-07-07 21:14:38,-42.8794,147.3294,46.26,91,98,1.01
5,Boden,SE,2022-07-07 21:14:39,65.8252,21.6886,55.4,74,34,5.82
6,Saint-Pierre,RE,2022-07-07 21:14:39,-21.3393,55.4781,69.91,69,0,14.97
7,Norman Wells,CA,2022-07-07 21:14:39,65.282,-126.8329,89.83,22,3,12.44
8,Thompson,CA,2022-07-07 21:11:03,55.7435,-97.8558,80.33,26,92,4.16
9,Hilo,US,2022-07-07 21:14:40,19.7297,-155.09,90.28,85,100,9.22
10,Neiafu,TO,2022-07-07 21:14:40,-18.65,-173.9833,77.68,69,40,10.36
11,Rabo De Peixe,PT,2022-07-07 21:14:40,37.8,-25.5833,68.27,69,89,9.06
12,Saint George,US,2022-07-07 21:14:41,37.1041,-113.5841,101.25,8,0,19.57
13,Ushuaia,AR,2022-07-07 21:10:23,-54.8,-68.3,31.66,69,40,4.61
14,Cape Town,ZA,2022-07-07 21:14:08,-33.9258,18.4232,62.38,87,99,1.01
15,Kupang,ID,2022-07-07 21:14:41,-10.1667,123.5833,73.2,83,95,10.31
16,Kapaa,US,2022-07-07 21:14:41,22.0752,-159.319,80.92,74,100,17.27
17,Port Alfred,ZA,2022-07-07 21:14:41,-33.5906,26.891,60.6,67,37,2.64
18,East London,ZA,2022-07-07 21:12:06,-33.0153,27.9116,61.84,67,0,5.3
19,Tuktoyaktuk,CA,2022-07-07 21:14:42,69.4541,-133.0374,65.28,47,56,10.94
20,Nikolskoye,RU,2022-07-07 21:14:42,59.7035,30.7861,58.91,80,24,4.74
21,Sterling,US,2022-07-07 21:14:42,39.0062,-77.4286,84.18,77,75,5.99
22,Morondava,MG,2022-07-07 21:14:43,-20.2833,44.2833,69.19,78,0,14.63
23,Chuy,UY,2022-07-07 21:13:22,-33.6971,-53.4616,50.36,63,0,6.02
24,Burns Lake,CA,2022-07-07 21:14:43,54.2331,-125.7533,66.33,50,90,7.0
25,Oktyabrskiy,RU,2022-07-07 21:14:43,54.4815,53.471,58.53,89,0,1.72
26,Yellowknife,CA,2022-07-07 21:11:37,62.456,-114.3525,77.56,29,0,11.99
27,Atuona,PF,2022-07-07 21:14:44,-9.8,-139.0333,78.03,70,11,21.43
28,Los Llanos De Aridane,ES,2022-07-07 21:14:44,28.6585,-17.9182,67.12,87,20,18.41
29,Kaitangata,NZ,2022-07-07 21:14:44,-46.2817,169.8464,46.35,93,100,20.0
30,Nemuro,JP,2022-07-07 21:14:45,43.3236,145.575,57.4,98,100,7.76
31,Panama City,PA,2022-07-07 21:10:39,8.9936,-79.5197,85.95,76,40,11.5
32,Oranjestad,AW,2022-07-07 21:14:45,12.524,-70.027,80.28,82,39,27.58
33,Portland,US,2022-07-07 21:10:38,45.5234,-122.6762,79.56,59,75,5.01
34,Yumbel,CL,2022-07-07 21:14:45,-37.0833,-72.5667,50.23,80,30,3.27
35,Qaanaaq,GL,2022-07-07 21:14:46,77.484,-69.3632,44.26,67,76,3.69
36,Cidreira,BR,2022-07-07 21:14:46,-30.1811,-50.2056,62.49,88,100,9.15
37,Mataura,NZ,2022-07-07 21:14:46,-46.1927,168.8643,45.48,94,100,13.02
38,Columbus,US,2022-07-07 21:13:59,39.9612,-82.9988,87.12,55,75,8.05
39,Albany,US,2022-07-07 21:11:21,42.6001,-73.9662,83.05,52,82,1.92
40,Longyearbyen,SJ,2022-07-07 21:14:47,78.2186,15.6401,48.04,66,40,18.41
41,Hermanus,ZA,2022-07-07 21:14:47,-34.4187,19.2345,51.8,89,89,1.39
42,Faya,SA,2022-07-07 21:14:47,18.3851,42.4509,72.12,44,100,3.85
43,Georgetown,MY,2022-07-07 21:11:03,5.4112,100.3354,82.89,85,20,0.0
44,Baykit,RU,2022-07-07 21:14:48,61.67,96.37,54.61,90,94,3.62
45,Pittsfield,US,2022-07-07 21:14:48,42.4501,-73.2454,80.31,60,75,9.22
46,Coquimbo,CL,2022-07-07 21:14:48,-29.9533,-71.3436,56.93,76,0,11.5
47,Mbarara,UG,2022-07-07 21:15:49,-0.608,30.65,64.47,56,31,2.73
48,Salalah,OM,2022-07-07 21:15:49,17.0151,54.0924,77.09,100,100,8.05
49,Khatanga,RU,2022-07-07 21:15:49,71.9667,102.5,46.0,46,0,8.39
50,Concepcion,CL,2022-07-07 21:12:19,-36.827,-73.0498,51.6,62,0,9.22
51,Faanui,PF,2022-07-07 21:15:49,-16.4833,-151.75,79.25,68,3,9.75
52,Punta Arenas,CL,2022-07-07 21:12:21,-53.15,-70.9167,33.12,86,20,8.05
53,Airai,TL,2022-07-07 21:15:50,-8.9266,125.4092,54.84,94,75,2.98
54,Provideniya,RU,2022-07-07 21:15:50,64.3833,-173.3,53.71,82,100,7.0
55,Ancud,CL,2022-07-07 21:15:50,-41.8697,-73.8203,48.22,86,100,18.1
56,Rikitea,PF,2022-07-07 21:15:51,-23.1203,-134.9692,74.61,75,71,23.55
57,Talnakh,RU,2022-07-07 21:15:51,69.4865,88.3972,49.21,51,100,3.78
58,Bantacan,PH,2022-07-07 21:15:51,7.604,126.1298,74.08,93,97,2.08
59,Nome,US,2022-07-07 21:15:52,64.5011,-165.4064,57.16,94,100,4.61
60,Barrow,US,2022-07-07 21:15:52,71.2906,-156.7887,44.62,87,100,6.91
61,Iqaluit,CA,2022-07-07 21:15:52,63.7506,-68.5145,42.53,81,40,5.75
62,New Norfolk,AU,2022-07-07 21:15:53,-42.7826,147.0587,45.91,83,99,3.0
63,Mar Del Plata,AR,2022-07-07 21:15:53,-38.0023,-57.5575,48.22,48,0,11.99
64,Bredasdorp,ZA,2022-07-07 21:14:12,-34.5322,20.0403,50.56,92,44,3.06
65,Kruisfontein,ZA,2022-07-07 21:15:53,-34.0033,24.7314,52.74,91,3,4.0
66,Lerwick,GB,2022-07-07 21:15:54,60.1545,-1.1494,53.6,85,99,19.1
67,Khani,GE,2022-07-07 21:15:54,41.9563,42.9566,58.57,81,0,2.82
68,Bonnyville,CA,2022-07-07 21:15:54,54.2668,-110.735,71.4,62,70,13.94
69,Ioannina,GR,2022-07-07 21:15:54,39.6675,20.8508,71.35,64,3,1.14
70,Busselton,AU,2022-07-07 21:15:55,-33.65,115.3333,52.92,80,83,6.87
71,Dikson,RU,2022-07-07 21:15:55,73.5069,80.5464,40.57,90,100,16.31
72,Kavieng,PG,2022-07-07 21:15:55,-2.5744,150.7967,80.35,80,100,10.87
73,Saskylakh,RU,2022-07-07 21:15:56,71.9167,114.0833,45.03,45,6,13.4
74,Port Elizabeth,ZA,2022-07-07 21:15:56,-33.918,25.5701,52.09,100,27,3.44
75,Gander,CA,2022-07-07 21:15:20,48.9682,-54.5906,55.17,100,100,20.0
76,Upernavik,GL,2022-07-07 21:15:56,72.7868,-56.1549,39.74,89,20,10.22
77,Majene,ID,2022-07-07 21:15:57,-3.5403,118.9707,76.98,90,78,5.75
78,Souillac,MU,2022-07-07 21:15:57,-20.5167,57.5167,70.18,64,20,10.36
79,Olafsvik,IS,2022-07-07 21:15:57,64.8945,-23.7142,48.4,92,100,15.66
80,Sabzevar,IR,2022-07-07 21:15:57,36.2126,57.6819,74.48,25,0,16.11
81,Severo-Yeniseyskiy,RU,2022-07-07 21:15:58,60.3725,93.0408,47.16,93,6,2.68
82,Port Blair,IN,2022-07-07 21:15:58,11.6667,92.75,78.84,94,75,0.0
83,Waingapu,ID,2022-07-07 21:15:58,-9.6567,120.2641,70.38,83,39,7.78
84,Lompoc,US,2022-07-07 21:12:59,34.6391,-120.4579,86.77,74,0,18.01
85,Ampanihy,MG,2022-07-07 21:15:59,-24.7,44.75,64.06,63,0,5.79
86,La Ronge,CA,2022-07-07 21:15:59,55.1001,-105.2842,77.22,25,40,6.91
87,Port Macquarie,AU,2022-07-07 21:15:59,-31.4333,152.9167,46.89,82,1,7.29
88,Hithadhoo,MV,2022-07-07 21:16:00,-0.6,73.0833,81.63,78,100,5.1
89,Narsaq,GL,2022-07-07 21:16:00,60.9167,-46.05,53.82,84,62,4.16
90,Saldanha,ZA,2022-07-07 21:16:00,-33.0117,17.9442,56.12,90,26,3.09
91,Karachi,PK,2022-07-07 21:13:15,24.9056,67.0822,80.42,94,75,0.0
92,Cabo San Lucas,MX,2022-07-07 21:16:01,22.8909,-109.9124,93.18,51,0,11.5
93,Patitirion,GR,2022-07-07 21:17:01,39.15,23.8667,78.37,59,0,2.37
94,Pevek,RU,2022-07-07 21:17:01,69.7008,170.3133,39.24,77,100,2.1
95,Jamestown,US,2022-07-07 21:15:15,42.097,-79.2353,78.03,53,20,9.22
96,Chino Valley,US,2022-07-07 21:17:02,34.7575,-112.4538,95.41,20,0,12.66
97,Gararu,BR,2022-07-07 21:17:02,-9.9675,-37.0833,70.9,90,53,6.49
98,Bichura,RU,2022-07-07 21:17:02,50.5881,107.6022,52.93,94,90,4.14
99,Ulladulla,AU,2022-07-07 21:17:03,-35.35,150.4667,44.17,79,0,7.02
100,Bluff,NZ,2022-07-07 21:17:03,-46.6,168.3333,45.81,84,100,27.13
101,Puerto Varas,CL,2022-07-07 21:17:03,-41.3195,-72.9854,46.62,100,100,17.27
102,Popondetta,PG,2022-07-07 21:17:04,-8.7537,148.2534,72.14,84,100,3.4
103,Grindavik,IS,2022-07-07 21:17:04,63.8424,-22.4338,49.95,100,100,23.02
104,Salamiyah,SY,2022-07-07 21:17:04,35.0113,37.0532,73.06,62,0,11.07
105,Belaya Gora,RU,2022-07-07 21:17:05,68.5333,146.4167,50.88,85,100,10.94
106,Henties Bay,NA,2022-07-07 21:17:05,-22.116,14.2845,58.62,76,0,7.99
107,Srednekolymsk,RU,2022-07-07 21:17:05,67.45,153.6833,63.23,63,99,11.99
108,Taitung,TW,2022-07-07 21:17:06,22.7583,121.1444,80.13,77,3,2.77
109,Ponta Do Sol,PT,2022-07-07 21:17:06,32.6667,-17.1,68.72,89,0,1.97
110,Awjilah,LY,2022-07-07 21:17:06,29.1081,21.2869,86.45,43,0,16.73
111,Payo,ID,2022-07-07 21:17:07,-3.7508,103.6372,71.33,99,27,2.26
112,Noyabrsk,RU,2022-07-07 21:17:07,63.1994,75.4507,61.54,69,20,10.11
113,Pingdingshan,CN,2022-07-07 21:17:07,33.7385,113.3012,79.95,80,0,6.64
114,Tasiilaq,GL,2022-07-07 21:17:07,65.6145,-37.6368,46.56,89,92,5.46
115,Huarmey,PE,2022-07-07 21:17:08,-10.0681,-78.1522,66.67,71,6,7.67
116,Hobyo,SO,2022-07-07 21:17:08,5.3505,48.5268,76.03,79,89,26.73
117,Port Hedland,AU,2022-07-07 21:17:08,-20.3167,118.5667,48.25,49,0,9.22
118,Severo-Kurilsk,RU,2022-07-07 21:17:09,50.6789,156.125,53.17,91,68,6.76
119,Guiratinga,BR,2022-07-07 21:17:09,-16.3494,-53.7583,80.33,29,0,4.34
120,Shrigonda,IN,2022-07-07 21:17:09,18.6167,74.6833,74.07,84,100,14.41
121,Invermere,CA,2022-07-07 21:15:19,50.5167,-116.0354,73.36,57,100,4.59
122,Krasnoznamensk,RU,2022-07-07 21:17:10,55.5994,37.0386,62.62,82,75,6.71
123,Vieux-Habitants,GP,2022-07-07 21:17:10,16.0589,-61.7659,83.77,72,42,14.05
124,Yulara,AU,2022-07-07 21:17:10,-25.2406,130.9889,41.29,90,0,8.57
125,Kushima,JP,2022-07-07 21:17:11,31.4583,131.2333,76.46,94,100,5.37
126,Fortuna,US,2022-07-07 21:17:11,40.5982,-124.1573,71.92,73,0,4.0
127,Gazli,UZ,2022-07-07 21:17:11,40.1333,63.45,77.07,27,0,9.98
128,Bethel,US,2022-07-07 21:17:11,41.3712,-73.414,81.52,61,40,6.91
129,Limoux,FR,2022-07-07 21:17:12,42.9167,2.1667,72.52,45,0,10.89
130,Ani-E,PH,2022-07-07 21:17:12,8.6136,124.8706,67.77,90,81,2.84
131,Duluth,US,2022-07-07 21:16:33,46.7833,-92.1066,85.55,64,40,10.36
132,Nanortalik,GL,2022-07-07 21:17:13,60.1432,-45.2371,45.28,91,69,4.54
133,Butaritari,KI,2022-07-07 21:17:13,3.0707,172.7902,81.03,78,100,16.62
134,Prescott,US,2022-07-07 21:13:31,34.54,-112.4685,92.95,22,0,12.66
135,Isabela,PH,2022-07-07 21:17:13,6.7085,121.9711,75.25,85,100,3.62
136,Clyde River,CA,2022-07-07 21:17:14,70.4692,-68.5914,41.23,81,75,5.75
137,Paracuaro,MX,2022-07-07 21:17:14,20.15,-100.7667,70.25,48,100,2.86
138,Saiha,IN,2022-07-07 21:17:15,22.4833,92.9667,71.89,99,99,1.81
139,Kathu,TH,2022-07-07 21:18:15,7.9178,98.3332,84.69,99,100,8.5
140,Westport,US,2022-07-07 21:18:15,41.1415,-73.3579,82.27,63,0,11.5
141,Gedo,ET,2022-07-07 21:18:15,9.0167,37.45,52.18,99,100,3.09
142,Arraial Do Cabo,BR,2022-07-07 21:18:16,-22.9661,-42.0278,71.56,88,0,16.11
143,Callaway,US,2022-07-07 21:18:16,30.153,-85.5699,91.0,69,20,12.66
144,Gizo,SB,2022-07-07 21:18:16,-8.103,156.8419,81.73,75,89,7.43
145,Vardo,NO,2022-07-07 21:18:17,70.3705,31.1107,51.78,93,40,2.3
146,Hanna,CA,2022-07-07 21:15:19,51.6334,-111.9018,72.86,67,54,10.0
147,Guerrero Negro,MX,2022-07-07 21:18:17,27.9769,-114.0611,77.68,56,2,14.63
148,Buy,RU,2022-07-07 21:18:17,58.4786,41.53,63.95,97,99,4.09
149,Iraray,PH,2022-07-07 21:18:18,8.9936,118.0511,78.19,86,100,5.66
150,Gimli,CA,2022-07-07 21:18:18,50.6336,-96.9907,69.82,49,84,9.22
151,Nakambala,ZM,2022-07-07 21:18:18,-15.8324,27.7799,58.05,56,0,6.06
152,Chik,RU,2022-07-07 21:18:19,54.9928,82.4311,58.75,100,0,4.47
153,Tautira,PF,2022-07-07 21:18:19,-17.7333,-149.15,78.1,70,0,12.28
154,Prince Rupert,CA,2022-07-07 21:18:19,54.3161,-130.3201,57.29,92,100,3.44
155,Saint-Philippe,RE,2022-07-07 21:18:20,-21.3585,55.7679,69.39,75,52,10.94
156,Half Moon Bay,US,2022-07-07 21:17:48,37.4636,-122.4286,82.58,70,20,19.57
157,Gezing,AT,2022-07-07 21:18:20,47.9178,13.1299,59.25,94,75,8.05
158,Belmonte,BR,2022-07-07 21:18:20,-15.8631,-38.8828,72.09,85,33,7.11
159,Atakpame,TG,2022-07-07 21:18:21,7.5333,1.1333,72.45,93,90,3.98
160,Lavrentiya,RU,2022-07-07 21:18:21,65.5833,-171.0,47.1,83,100,4.88
161,Karpogory,RU,2022-07-07 21:18:21,64.0019,44.4451,62.56,98,78,7.63
162,Carahue,CL,2022-07-07 21:18:22,-38.7,-73.1667,46.98,85,74,2.71
163,Shuangyang,CN,2022-07-07 21:18:22,43.5242,125.6736,68.07,97,56,2.86
164,Kodiak,US,2022-07-07 21:18:23,57.79,-152.4072,53.11,94,100,14.97
165,Sol-Iletsk,RU,2022-07-07 21:18:23,51.1631,54.9918,61.43,66,0,3.71
166,Avarua,CK,2022-07-07 21:18:23,-21.2078,-159.775,75.25,60,38,8.05
167,Mecca,SA,2022-07-07 21:14:15,21.4267,39.8261,91.0,20,81,6.64
168,Kavaratti,IN,2022-07-07 21:18:24,10.5669,72.642,81.41,81,100,18.84
169,Tuatapere,NZ,2022-07-07 21:18:24,-46.1333,167.6833,41.88,94,100,8.57
170,Fairbanks,US,2022-07-07 21:15:32,64.8378,-147.7164,73.22,55,100,1.01
171,Kilindoni,TZ,2022-07-07 21:18:24,-7.9139,39.6668,76.93,72,9,17.96
172,Geraldton,AU,2022-07-07 21:18:25,-28.7667,114.6,50.41,53,2,16.11
173,Ararat,AM,2022-07-07 21:18:25,39.8317,44.7049,71.94,51,2,5.03
174,Lorengau,PG,2022-07-07 21:18:25,-2.0226,147.2712,80.06,80,96,7.0
175,Hofn,IS,2022-07-07 21:18:26,64.2539,-15.2082,53.53,76,5,11.41
176,Cikupa,ID,2022-07-07 21:18:26,-6.2364,106.5083,78.91,86,6,3.24
177,Atar,MR,2022-07-07 21:18:26,20.5169,-13.0499,99.55,21,2,5.77
178,Pisco,PE,2022-07-07 21:18:26,-13.7,-76.2167,62.65,77,100,5.75
179,Beringovskiy,RU,2022-07-07 21:18:27,63.05,179.3167,48.11,85,63,5.41
180,Vanimo,PG,2022-07-07 21:18:27,-2.6741,141.3028,76.77,90,66,4.0
181,Ninghai,CN,2022-07-07 21:18:27,29.2892,121.4247,78.39,92,97,2.01
182,Preobrazheniye,RU,2022-07-07 21:18:28,42.9019,133.9064,64.17,98,100,7.27
183,Ribeira Grande,PT,2022-07-07 21:19:28,38.5167,-28.7,67.64,77,73,17.02
184,Padang,ID,2022-07-07 21:19:28,-0.9492,100.3543,76.64,85,97,3.78
185,Shirokiy,RU,2022-07-07 21:19:29,49.758,129.523,69.75,98,100,9.24
186,Port Lincoln,AU,2022-07-07 21:15:58,-34.7333,135.8667,53.65,68,92,12.33
187,Borba,BR,2022-07-07 21:19:29,-4.3878,-59.5939,81.45,71,99,2.57
188,Lebu,CL,2022-07-07 21:17:51,-37.6167,-73.65,49.05,76,11,4.03
189,Haimen,CN,2022-07-07 21:19:29,23.1935,116.6142,78.69,92,20,4.65
190,Soe,ID,2022-07-07 21:19:30,-9.8607,124.284,61.5,97,64,2.37
191,Sao Filipe,CV,2022-07-07 21:19:30,14.8961,-24.4956,74.95,78,5,5.35
192,Akdepe,TM,2022-07-07 21:19:30,42.0551,59.3788,73.49,33,82,6.64
193,Klaksvik,FO,2022-07-07 21:19:31,62.2266,-6.589,52.72,86,90,28.32
194,Carnarvon,AU,2022-07-07 21:19:31,-24.8667,113.6333,64.49,25,0,8.75
195,Puerto Ayora,EC,2022-07-07 21:19:31,-0.7393,-90.3518,78.76,85,71,7.0
196,Tomatlan,MX,2022-07-07 21:19:32,19.9333,-105.25,90.34,57,24,11.39
197,Chimbote,PE,2022-07-07 21:16:54,-9.0853,-78.5783,65.46,72,2,7.47
198,Mandalgovi,MN,2022-07-07 21:19:32,45.7625,106.2708,54.12,70,0,11.97
199,Harper,LR,2022-07-07 21:19:32,4.375,-7.7169,76.37,79,85,9.26
200,Svetlyy,RU,2022-07-07 21:19:32,54.675,20.1347,62.65,78,94,8.95
201,Luderitz,NA,2022-07-07 21:19:33,-26.6481,15.1594,60.04,51,0,5.93
202,Caravelas,BR,2022-07-07 21:19:33,-17.7125,-39.2481,72.09,80,44,6.31
203,Medvezhyegorsk,RU,2022-07-07 21:19:33,62.9167,34.4667,57.58,92,100,6.17
204,Olga,RU,2022-07-07 21:19:34,43.7444,135.2892,64.81,98,100,2.1
205,Ongandjera,NA,2022-07-07 21:19:34,-17.8833,15.0667,64.38,33,0,8.43
206,Huangpi,CN,2022-07-07 21:19:34,30.8845,114.3779,82.51,83,0,6.71
207,Taltal,CL,2022-07-07 21:19:34,-25.4,-70.4833,68.05,51,78,4.34
208,Nsoko,SZ,2022-07-07 21:19:35,-27.0333,31.95,58.26,92,0,2.33
209,Castro,BR,2022-07-07 21:19:35,-24.7911,-50.0119,59.27,74,95,3.29
210,Montego Bay,JM,2022-07-07 21:18:39,18.4712,-77.9188,85.8,58,40,12.66
211,Lumsden,CA,2022-07-07 21:19:36,50.6501,-104.8678,71.01,56,71,10.2
212,Iwanai,JP,2022-07-07 21:19:36,42.9744,140.5089,66.18,91,45,8.3
213,Kahului,US,2022-07-07 21:19:36,20.8947,-156.47,87.82,60,20,20.71
214,Sorsk,RU,2022-07-07 21:19:36,54.0033,90.2467,50.4,92,98,3.53
215,Katherine,AU,2022-07-07 21:19:37,-14.4667,132.2667,52.12,66,30,8.05
216,Mus,TR,2022-07-07 21:19:37,39.0,41.75,65.32,52,21,6.02
217,Birin,NP,2022-07-07 21:19:37,26.8865,88.0718,67.66,86,100,1.5
218,Mahebourg,MU,2022-07-07 21:19:38,-20.4081,57.7,70.09,64,20,10.36
219,Zarubino,RU,2022-07-07 21:19:38,42.63,131.0922,63.27,99,100,10.27
220,Limbang,MY,2022-07-07 21:19:38,4.75,115.0,78.91,93,100,1.97
221,Lasa,IT,2022-07-07 21:19:39,46.6166,10.7002,61.68,85,39,7.67
222,Ambon,ID,2022-07-07 21:19:39,-3.6954,128.1814,78.24,15,40,4.61
223,Itoman,JP,2022-07-07 21:19:39,26.1247,127.6694,82.42,91,75,5.75
224,Iberia,US,2022-07-07 21:19:39,29.9502,-91.7507,93.96,58,0,8.05
225,Trincomalee,LK,2022-07-07 21:19:40,8.5711,81.2335,81.09,73,100,13.6
226,Mount Gambier,AU,2022-07-07 21:19:40,-37.8333,140.7667,51.12,64,100,10.6
227,Bengkulu,ID,2022-07-07 21:19:40,-3.8004,102.2655,76.41,87,67,1.59
228,Talcahuano,CL,2022-07-07 21:19:41,-36.7167,-73.1167,51.48,62,0,9.22
229,Voi,KE,2022-07-07 21:19:41,-3.3945,38.563,67.3,79,65,10.11
230,Kuvandyk,RU,2022-07-07 21:19:41,51.4781,57.3552,56.3,78,38,4.79
231,Flinders,AU,2022-07-07 21:20:41,-34.5833,150.8552,50.18,69,0,8.99
232,Ipswich,GB,2022-07-07 21:20:42,52.0592,1.1555,59.86,79,0,6.91
233,Dhidhdhoo,MV,2022-07-07 21:20:42,6.8833,73.1,81.68,81,83,16.28
234,Kuching,MY,2022-07-07 21:20:42,1.55,110.3333,79.02,94,20,3.44
235,Maniitsoq,GL,2022-07-07 21:18:09,65.4167,-52.9,42.17,91,100,1.3
236,Cayenne,GF,2022-07-07 21:20:43,4.9333,-52.3333,84.24,12,40,11.5
237,Lucknow,IN,2022-07-07 21:20:43,26.85,80.9167,87.78,79,40,9.22
238,Bad Lippspringe,DE,2022-07-07 21:20:43,51.7833,8.8167,59.67,73,23,3.0
239,Pokrovsk,UA,2022-07-07 21:20:44,48.282,37.1758,70.47,35,0,8.84
240,Platteville,US,2022-07-07 21:19:07,42.7342,-90.4785,83.32,83,40,9.22
241,Constitucion,CL,2022-07-07 21:20:44,-35.3333,-72.4167,53.31,71,0,8.99
242,Jozefow,PL,2022-07-07 21:20:45,52.1371,21.2359,68.09,71,0,4.61
243,Kysyl-Syr,RU,2022-07-07 21:20:45,63.8986,122.7617,53.8,91,100,15.82
244,Pangkalanbuun,ID,2022-07-07 21:20:45,-2.6833,111.6167,73.44,98,74,1.72
245,Presidencia Roque Saenz Pena,AR,2022-07-07 21:20:46,-26.7852,-60.4388,64.92,80,99,10.56
246,Vredendal,ZA,2022-07-07 21:20:46,-31.6683,18.5012,51.24,47,8,0.25
247,Kayerkan,RU,2022-07-07 21:20:46,69.3497,87.7602,48.52,70,100,6.26
248,Roma,US,2022-07-07 21:20:46,43.2128,-75.4557,82.09,47,0,5.75
249,Mount Isa,AU,2022-07-07 21:20:47,-20.7333,139.5,51.57,58,0,5.75
250,Cockburn Town,TC,2022-07-07 21:20:47,21.4612,-71.1419,81.46,83,1,20.83
251,Banda Aceh,ID,2022-07-07 21:20:47,5.5577,95.3222,80.02,80,100,15.32
252,Aitape,PG,2022-07-07 21:20:48,-3.1374,142.3475,76.89,89,100,4.32
253,Esperance,AU,2022-07-07 21:20:48,-33.8667,121.9,53.28,79,56,16.17
254,Asheboro,US,2022-07-07 21:18:07,35.7079,-79.8136,90.61,58,40,5.75
255,Redmond,US,2022-07-07 21:17:39,47.674,-122.1215,79.09,55,39,8.99
256,Pimentel,PE,2022-07-07 21:20:48,-6.8367,-79.9342,68.29,64,0,18.41
257,Coihaique,CL,2022-07-07 21:20:49,-45.5752,-72.0662,34.41,93,100,3.44
258,Terney,RU,2022-07-07 21:20:49,45.0503,136.6092,65.08,96,100,1.39
259,Santa Maria,BR,2022-07-07 21:20:49,-29.6842,-53.8069,63.7,100,75,1.14
260,Reitz,ZA,2022-07-07 21:20:49,-27.8014,28.4273,43.07,24,0,2.35
261,Wexford,IE,2022-07-07 21:20:50,52.3342,-6.4575,66.13,88,47,2.89
262,Tosya,TR,2022-07-07 21:20:50,41.0155,34.0401,63.55,76,52,1.81
263,Aklavik,CA,2022-07-07 21:20:50,68.2191,-135.0107,80.6,54,0,4.61
264,Haines Junction,CA,2022-07-07 21:20:51,60.7522,-137.5108,73.2,34,12,8.43
265,Batemans Bay,AU,2022-07-07 21:20:51,-35.7167,150.1833,48.09,77,0,5.61
266,Malishka,AM,2022-07-07 21:20:51,39.7376,45.39,62.62,71,3,5.53
267,Thunder Bay,CA,2022-07-07 21:20:52,48.4001,-89.3168,73.38,60,75,10.36
268,Sobolevo,RU,2022-07-07 21:20:52,54.4299,31.8996,59.02,78,100,4.05
269,Balad,IQ,2022-07-07 21:20:52,34.0164,44.1453,94.3,14,0,12.91
270,Petropavlovsk-Kamchatskiy,RU,2022-07-07 21:20:52,53.0452,158.6483,61.39,77,20,4.47
271,Leningradskiy,RU,2022-07-07 21:20:53,69.3833,178.4167,40.84,77,75,12.55
272,Karasjok,NO,2022-07-07 21:20:53,69.4719,25.5112,54.36,76,64,5.93
273,Tchibanga,GA,2022-07-07 21:20:53,-2.85,11.0333,67.12,88,76,3.76
274,Wamba,NG,2022-07-07 21:20:54,8.9333,8.6,76.15,81,58,1.36
275,North Platte,US,2022-07-07 21:20:54,41.1239,-100.7654,84.09,63,0,5.75
276,Labuhan,ID,2022-07-07 21:20:54,-6.8844,112.2051,74.55,81,11,8.97
277,Husavik,IS,2022-07-07 21:20:54,66.0449,-17.3389,50.49,92,100,8.43
278,Kurilsk,RU,2022-07-07 21:21:55,45.2333,147.8833,58.59,70,22,6.44
279,Torbay,CA,2022-07-07 21:21:55,47.6666,-52.7314,63.28,87,75,18.41
280,Kihurio,TZ,2022-07-07 21:21:55,-4.4667,38.0667,63.32,89,12,0.89
281,Marzuq,YE,2022-07-07 21:21:56,14.4,46.4667,80.04,44,92,3.62
282,Qujing,CN,2022-07-07 21:21:56,25.4833,103.7833,59.92,89,23,1.77
283,Cahors,FR,2022-07-07 21:21:56,44.4167,1.3333,66.43,59,0,5.99
284,Krivosheino,RU,2022-07-07 21:21:56,57.3431,83.9261,61.63,67,99,4.41
285,Te Anau,NZ,2022-07-07 21:21:57,-45.4167,167.7167,35.73,98,100,0.51
286,Tiksi,RU,2022-07-07 21:21:57,71.6872,128.8694,37.33,83,97,12.53
287,Christchurch,NZ,2022-07-07 21:18:43,-43.5333,172.6333,51.91,90,100,12.66
288,Cataguases,BR,2022-07-07 21:21:58,-21.3892,-42.6967,71.65,48,0,3.31
289,Qarqin,AF,2022-07-07 21:21:58,37.4185,66.0436,79.12,22,0,15.12
290,Doha,QA,2022-07-07 21:21:05,25.2867,51.5333,93.51,79,98,3.44
291,Khakhea,BW,2022-07-07 21:21:58,-24.6895,23.494,58.66,23,0,6.04
292,Chokurdakh,RU,2022-07-07 21:21:58,70.6333,147.9167,54.43,66,91,7.05
293,Belomorsk,RU,2022-07-07 21:21:59,64.5232,34.7668,62.49,70,98,5.48
294,Green Valley,US,2022-07-07 21:21:59,31.8543,-110.9937,102.36,17,0,7.7
295,Dwarka,IN,2022-07-07 21:21:59,22.2394,68.9678,82.74,83,100,21.79
296,Zhigansk,RU,2022-07-07 21:22:00,66.7697,123.3711,50.18,80,100,27.63
297,Ajdabiya,LY,2022-07-07 21:22:00,30.7554,20.2263,83.7,52,0,15.12
298,Ishigaki,JP,2022-07-07 21:22:00,24.3448,124.1572,80.73,100,83,6.91
299,Vao,NC,2022-07-07 21:22:00,-22.6667,167.4833,74.21,90,0,10.94
300,Teguldet,RU,2022-07-07 21:22:01,57.3064,88.1667,56.79,72,56,4.0
301,Ilulissat,GL,2022-07-07 21:22:01,69.2167,-51.1,48.22,71,75,1.14
302,Mardin,TR,2022-07-07 21:22:01,37.3131,40.7436,78.71,26,8,3.11
303,Sangar,RU,2022-07-07 21:22:02,63.9242,127.4739,57.94,95,68,7.09
304,Sambava,MG,2022-07-07 21:22:02,-14.2667,50.1667,69.69,80,51,15.39
305,Komsomolskiy,UZ,2022-07-07 21:22:02,40.4272,71.7189,74.12,33,1,6.91
306,Sibu,MY,2022-07-07 21:22:03,2.3,111.8167,75.51,94,20,0.0
307,Hamilton,US,2022-07-07 21:20:30,39.1834,-84.5333,90.01,62,40,4.61
308,Northam,GB,2022-07-07 21:22:03,51.0333,-4.2167,63.39,83,6,7.81
309,Samarai,PG,2022-07-07 21:22:03,-10.6167,150.6667,80.58,79,100,6.85
310,Lazurne,UA,2022-07-07 21:22:04,46.084,32.5295,73.47,67,0,4.14
311,Nipawin,CA,2022-07-07 21:22:04,53.3668,-104.0009,73.44,43,20,5.75
312,Madang,PG,2022-07-07 21:22:04,-5.2246,145.7966,76.48,91,71,2.15
313,Neryungri,RU,2022-07-07 21:22:05,56.6709,124.6491,52.5,82,100,1.61
314,Touros,BR,2022-07-07 21:22:05,-5.1989,-35.4608,76.41,86,16,11.03
315,Quiindy,PY,2022-07-07 21:22:05,-25.9667,-57.2667,75.52,56,97,5.32
316,Praia Da Vitoria,PT,2022-07-07 21:22:05,38.7333,-27.0667,68.25,77,40,11.83
317,Mashivka,UA,2022-07-07 21:22:06,49.4431,34.8669,66.52,85,13,9.46
318,Kirakira,SB,2022-07-07 21:22:06,-10.4544,161.9205,81.14,80,72,8.41
319,Fukue,JP,2022-07-07 21:22:06,32.6881,128.8419,79.38,93,100,12.55
320,Gleisdorf,AT,2022-07-07 21:22:07,47.1061,15.7127,60.48,99,100,2.59
321,Dakar,SN,2022-07-07 21:22:07,14.6937,-17.4441,81.48,74,20,9.22
322,Quatre Cocos,MU,2022-07-07 21:22:07,-20.2078,57.7625,69.91,63,78,16.24
323,Thinadhoo,MV,2022-07-07 21:22:08,0.5333,72.9333,81.88,75,100,2.42
324,Kapoeta,SS,2022-07-07 21:22:08,4.7717,33.5903,74.68,65,91,7.92
325,Burnie,AU,2022-07-07 21:23:08,-41.0667,145.9167,46.94,75,46,10.94
326,Sorong,ID,2022-07-07 21:23:08,-0.8833,131.25,76.8,91,100,11.32
327,Bambous Virieux,MU,2022-07-07 21:23:09,-20.3428,57.7575,70.05,64,20,10.36
328,Noumea,NC,2022-07-07 21:23:09,-22.2763,166.4572,75.0,99,1,1.63
329,Dunedin,NZ,2022-07-07 21:21:24,-45.8742,170.5036,45.81,96,100,21.0
330,Antofagasta,CL,2022-07-07 21:22:25,-23.65,-70.4,67.21,61,50,7.29
331,Makarov,RU,2022-07-07 21:23:10,48.6333,142.8,63.9,93,100,6.49
332,Dolores,AR,2022-07-07 21:21:03,-36.3132,-57.6792,47.52,26,1,8.1
333,Umm Kaddadah,SD,2022-07-07 21:23:10,13.6017,26.6876,84.27,44,82,22.32
334,Porkhov,RU,2022-07-07 21:23:11,57.765,29.5561,53.87,89,36,5.46
335,Dingle,PH,2022-07-07 21:23:11,10.9995,122.6711,75.72,95,99,2.33
336,Namatanai,PG,2022-07-07 21:23:11,-3.6667,152.4333,78.62,82,100,11.07
337,Bagdarin,RU,2022-07-07 21:23:12,54.4333,113.6,49.8,86,99,4.29
338,Gambela,ET,2022-07-07 21:23:12,8.25,34.5833,70.56,93,99,3.58
339,Malanje,AO,2022-07-07 21:23:12,-9.5402,16.341,65.82,33,71,3.47
340,Anapskaya,RU,2022-07-07 21:23:13,44.89,37.38,66.25,77,0,8.95
341,Seydi,TM,2022-07-07 21:23:13,39.4816,62.9137,75.49,27,0,12.41
342,Abu Samrah,SY,2022-07-07 21:23:13,35.3029,37.1841,75.18,57,0,11.3
343,Urusha,RU,2022-07-07 21:23:14,54.05,122.9,56.48,75,100,3.98
344,Worland,US,2022-07-07 21:23:14,44.0169,-107.9554,90.9,29,0,5.75
345,Dzilam Gonzalez,MX,2022-07-07 21:23:14,21.2833,-88.9333,89.13,55,63,10.56
346,Asyut,EG,2022-07-07 21:23:14,27.181,31.1837,85.6,13,5,8.34
347,Agnibilekrou,CI,2022-07-07 21:23:15,7.1344,-3.2047,72.01,99,64,4.05
348,Skjervoy,NO,2022-07-07 21:23:15,70.0311,20.9714,53.6,82,100,0.56
349,Rio Claro,BR,2022-07-07 21:23:15,-22.4114,-47.5614,67.98,38,1,3.36
350,Godalming,GB,2022-07-07 21:23:16,51.1846,-0.6173,68.58,71,4,4.61
351,Vestmannaeyjar,IS,2022-07-07 21:23:16,63.4427,-20.2734,50.94,91,100,22.01
352,Parrita,CR,2022-07-07 21:23:16,9.5201,-84.3225,83.19,75,69,5.84
353,Garwolin,PL,2022-07-07 21:23:17,51.8975,21.6147,61.43,87,85,5.82
354,Nhulunbuy,AU,2022-07-07 21:23:17,-12.2333,136.7667,70.41,68,100,8.05
355,Smithers,CA,2022-07-07 21:23:17,54.7804,-127.1743,62.92,77,75,3.44
356,Ambilobe,MG,2022-07-07 21:23:17,-13.2,49.05,64.42,85,1,4.16
357,Berlevag,NO,2022-07-07 21:23:18,70.8578,29.0864,59.0,72,0,5.75
358,Canoinhas,BR,2022-07-07 21:23:18,-26.1772,-50.39,60.42,77,98,1.72
359,Alofi,NU,2022-07-07 21:23:18,-19.0595,-169.9187,76.89,69,75,14.97
360,Namibe,AO,2022-07-07 21:23:19,-15.1961,12.1522,65.5,89,46,4.56
361,College,US,2022-07-07 21:23:19,64.8569,-147.8028,73.2,54,100,0.0
362,Tadine,NC,2022-07-07 21:23:19,-21.55,167.8833,75.24,87,30,7.65
363,Mazatlan,MX,2022-07-07 21:22:49,23.2167,-106.4167,91.36,77,20,12.66
364,Camopi,GF,2022-07-07 21:23:20,3.1655,-52.3158,77.58,91,13,2.35
365,Great Falls,US,2022-07-07 21:19:15,47.5002,-111.3008,85.39,39,0,9.22
366,Maymyo,MM,2022-07-07 21:23:20,22.0333,96.4667,67.6,96,30,2.48
367,San Juan,AR,2022-07-07 21:20:43,-31.5375,-68.5364,55.98,22,0,4.05
368,Cherskiy,RU,2022-07-07 21:23:21,68.75,161.3,51.8,61,100,5.73
369,Lagoa,PT,2022-07-07 21:23:21,39.05,-27.9833,66.24,80,100,13.47
370,Wuchi,CN,2022-07-07 21:23:21,29.3786,103.023,62.28,90,59,2.13
371,Mount Pleasant,US,2022-07-07 21:23:22,32.7941,-79.8626,93.34,71,0,10.36
372,Mocajuba,BR,2022-07-07 21:23:22,-2.5842,-49.5072,78.93,82,79,2.62
373,Sitka,US,2022-07-07 21:24:22,57.0531,-135.33,60.69,77,75,6.91
374,Sorland,NO,2022-07-07 21:22:14,67.667,12.6934,49.86,81,100,21.36
375,Shimoda,JP,2022-07-07 21:19:54,34.6667,138.95,73.11,84,13,5.48
376,Bubaque,GW,2022-07-07 21:24:23,11.2833,-15.8333,80.56,84,91,10.13
377,Miyako,JP,2022-07-07 21:24:23,39.6367,141.9525,69.55,95,100,4.99
378,Port Augusta,AU,2022-07-07 21:24:23,-32.5,137.7667,53.6,61,100,9.31
379,Milicz,PL,2022-07-07 21:24:24,51.5277,17.2714,64.83,71,84,5.88
380,Forio,IT,2022-07-07 21:24:24,40.7342,13.8646,80.33,84,2,3.0
381,Bonavista,CA,2022-07-07 21:24:24,48.6499,-53.1147,56.53,95,75,15.12
382,Houston,US,2022-07-07 21:23:15,29.7633,-95.3633,101.05,55,75,6.91
383,Bilibino,RU,2022-07-07 21:24:24,68.0546,166.4372,57.72,62,100,2.42
384,Comodoro Rivadavia,AR,2022-07-07 21:22:09,-45.8667,-67.5,39.06,65,0,0.0
385,Umm Lajj,SA,2022-07-07 21:24:25,25.0213,37.2685,86.76,41,69,8.03
386,Kabo,CF,2022-07-07 21:24:25,7.6994,18.629,75.09,78,80,2.64
387,Hauge,NO,2022-07-07 21:24:25,58.3436,6.2812,53.69,80,12,18.19
388,Raga,SS,2022-07-07 21:24:26,8.4596,25.678,71.51,95,100,2.66
389,Aksha,RU,2022-07-07 21:24:26,50.2814,113.2867,53.37,95,99,5.23
390,Camacha,PT,2022-07-07 21:24:26,33.0833,-16.3333,65.62,73,40,9.22
391,Dutlwe,BW,2022-07-07 21:24:27,-23.9833,23.9,58.01,25,0,7.94
392,Acajutla,SV,2022-07-07 21:24:27,13.5928,-89.8275,84.07,72,27,7.23
393,Arkansas City,US,2022-07-07 21:20:00,37.062,-97.0384,101.88,39,0,6.91
394,Ust-Tsilma,RU,2022-07-07 21:24:27,65.441,52.1498,68.43,55,100,6.8
395,Bhainsdehi,IN,2022-07-07 21:24:28,21.6467,77.6325,72.66,94,100,8.08
396,Vostok,RU,2022-07-07 21:24:28,46.4856,135.8833,66.52,93,99,3.91
397,Necochea,AR,2022-07-07 21:24:28,-38.5473,-58.7368,47.52,42,0,18.21
398,Fort Nelson,CA,2022-07-07 21:24:28,58.8053,-122.7002,76.59,38,75,9.22
399,Mayor Pablo Lagerenza,PY,2022-07-07 21:24:29,-19.9309,-60.7718,93.74,28,42,7.43
400,Sao Raimundo Das Mangabeiras,BR,2022-07-07 21:24:29,-7.0219,-45.4811,87.31,35,49,6.98
401,Takoradi,GH,2022-07-07 21:24:29,4.8845,-1.7554,76.15,86,56,8.97
402,Zhuzhou,CN,2022-07-07 21:24:29,27.8333,113.15,78.93,96,63,5.03
403,Pringsewu,ID,2022-07-07 21:24:30,-5.3582,104.9744,75.38,93,64,4.72
404,Vila Velha,BR,2022-07-07 21:20:41,-20.3297,-40.2925,75.15,81,40,9.22
405,Banepa,NP,2022-07-07 21:24:30,27.6298,85.5214,71.92,94,75,2.3
406,Collie,AU,2022-07-07 21:24:30,-33.3667,116.15,45.7,89,43,2.82
407,Eureka,US,2022-07-07 21:24:31,40.8021,-124.1637,76.68,71,29,5.99
408,Ndele,CF,2022-07-07 21:24:31,8.4109,20.6473,72.52,91,84,3.13
409,Yeppoon,AU,2022-07-07 21:24:31,-23.1333,150.7333,47.98,84,0,5.61
410,Codrington,AU,2022-07-07 21:24:32,-38.2667,141.9667,52.38,66,100,21.39
411,Vila Franca Do Campo,PT,2022-07-07 21:24:32,37.7167,-25.4333,69.19,79,91,7.23
412,Altamira,BR,2022-07-07 21:24:32,-3.2033,-52.2064,79.65,70,77,3.04
413,Maceio,BR,2022-07-07 21:24:33,-9.6658,-35.7353,76.44,78,20,5.75
414,Tsabong,BW,2022-07-07 21:24:33,-26.0217,22.401,59.36,27,0,7.07
415,Hearst,CA,2022-07-07 21:24:33,49.6835,-83.6665,65.25,55,80,6.42
416,Vuktyl,RU,2022-07-07 21:24:33,63.8567,57.3094,65.61,67,100,5.14
417,Ruteng,ID,2022-07-07 21:24:34,-8.6136,120.4721,56.59,90,25,2.13
418,Gamba,GA,2022-07-07 21:25:34,-2.65,10.0,69.55,94,57,5.73
419,Hami,CN,2022-07-07 21:25:34,42.8,93.45,78.01,19,17,13.18
420,San Quintin,MX,2022-07-07 21:25:35,30.4833,-115.95,73.18,68,0,14.52
421,Grand Gaube,MU,2022-07-07 21:25:35,-20.0064,57.6608,70.2,61,72,5.01
422,Kuah,MY,2022-07-07 21:25:35,6.3265,99.8432,80.58,89,20,0.0
423,Tiarei,PF,2022-07-07 21:23:12,-17.5333,-149.3333,84.22,68,0,10.27
424,Okhotsk,RU,2022-07-07 21:25:36,59.3833,143.3,55.9,93,87,7.11
425,Mushie,CD,2022-07-07 21:25:36,-3.0167,16.9,80.15,37,10,2.28
426,Rio Grande,BR,2022-07-07 21:25:36,-32.035,-52.0986,55.51,83,62,7.81
427,Dickson,US,2022-07-07 21:25:37,36.077,-87.3878,86.76,86,40,0.0
428,Kjollefjord,NO,2022-07-07 21:25:37,70.9457,27.3465,58.82,67,20,0.0
429,Newcastle,AU,2022-07-07 21:24:48,-32.9272,151.7765,47.97,82,0,17.27
430,Honningsvag,NO,2022-07-07 21:25:37,70.9821,25.9704,53.35,87,0,1.14
431,Pemba,MZ,2022-07-07 21:25:38,-12.974,40.5178,75.9,78,20,10.36
432,Karlskrona,SE,2022-07-07 21:25:38,56.1616,15.5866,59.45,93,22,10.67
433,Ketchikan,US,2022-07-07 21:25:38,55.3422,-131.6461,61.27,82,100,10.36
434,Ipatovo,RU,2022-07-07 21:25:38,45.7181,42.9036,65.55,56,0,9.04
435,Udachnyy,RU,2022-07-07 21:25:39,66.4167,112.4,53.46,81,71,9.86
436,Adeje,ES,2022-07-07 21:25:39,28.1227,-16.726,70.21,74,20,12.66
437,Luanda,AO,2022-07-07 21:21:00,-8.8368,13.2343,68.02,90,26,10.98
438,Richards Bay,ZA,2022-07-07 21:25:39,-28.783,32.0377,63.86,91,0,4.14
439,Bambanglipuro,ID,2022-07-07 21:25:40,-7.95,110.2833,73.81,89,24,3.2
440,Placido De Castro,BR,2022-07-07 21:25:40,-10.3353,-67.1856,85.53,55,83,1.59
441,Itarema,BR,2022-07-07 21:25:40,-2.9248,-39.9167,78.22,79,86,13.65
442,Cap Malheureux,MU,2022-07-07 21:25:40,-19.9842,57.6142,69.48,61,71,5.01
443,Teya,RU,2022-07-07 21:25:41,60.3778,92.6267,50.36,94,6,2.33
444,Ostrovnoy,RU,2022-07-07 21:25:41,68.0531,39.5131,58.03,76,70,9.64
445,Taree,AU,2022-07-07 21:25:41,-31.9,152.4667,39.06,93,4,4.92
446,Broome,US,2022-07-07 21:25:42,42.2506,-75.833,83.53,55,20,1.99
447,Sioux Lookout,CA,2022-07-07 21:25:42,50.1001,-91.917,73.47,43,75,9.22
448,Pacifica,US,2022-07-07 21:22:03,37.6138,-122.4869,81.61,76,20,19.57
449,Katsina,NG,2022-07-07 21:25:42,12.9894,7.6006,87.33,43,3,9.73
450,Kailua,US,2022-07-07 21:25:42,21.4022,-157.7394,85.98,77,75,17.27
451,South Lake Tahoe,US,2022-07-07 21:24:56,38.9332,-119.9844,84.25,32,0,12.66
452,Oranjemund,NA,2022-07-07 21:25:43,-28.55,16.4333,52.66,69,0,3.91
453,Buriti Alegre,BR,2022-07-07 21:22:24,-18.14,-49.0403,70.84,39,1,3.65
454,Jiangyou,CN,2022-07-07 21:25:43,31.7667,104.7167,83.3,66,99,0.54
455,Aquiraz,BR,2022-07-07 21:25:43,-3.9014,-38.3911,80.69,86,45,9.62
456,Aden,YE,2022-07-07 21:25:44,12.7794,45.0367,85.55,76,96,8.1
457,Isangel,VU,2022-07-07 21:25:44,-19.55,169.2667,78.91,83,40,6.91
458,Soledad,CO,2022-07-07 21:25:44,10.9184,-74.7646,86.13,74,40,11.5
459,Sao Jose Da Coroa Grande,BR,2022-07-07 21:25:45,-8.8978,-35.1478,75.99,84,22,10.09
460,Shipunovo,RU,2022-07-07 21:25:45,52.1582,82.2173,58.08,93,76,7.09
461,Bonfim,BR,2022-07-07 21:25:45,3.0833,-59.95,82.42,76,53,5.82
462,Poum,NC,2022-07-07 21:26:46,-20.2333,164.0167,76.91,85,0,12.93
463,Paamiut,GL,2022-07-07 21:26:46,61.994,-49.6678,41.23,94,50,6.69
464,Colorado,BR,2022-07-07 21:26:46,-22.8375,-51.9731,72.43,33,68,0.76
465,Immokalee,US,2022-07-07 21:26:46,26.4187,-81.4173,82.4,83,40,6.91
466,Bastrop,US,2022-07-07 21:26:47,32.7562,-91.8724,95.7,64,94,1.01
467,Bodaybo,RU,2022-07-07 21:26:47,57.8506,114.1933,55.87,87,72,1.19
468,Koppies,ZA,2022-07-07 21:26:47,-27.2418,27.5742,46.9,22,0,2.89
469,Portel,BR,2022-07-07 21:26:48,-1.9356,-50.8211,81.72,74,34,3.33
470,Hailey,US,2022-07-07 21:26:48,43.5196,-114.3153,87.89,30,40,11.5
471,Anadyr,RU,2022-07-07 21:26:48,64.75,177.4833,57.7,58,0,13.42
472,Hegang,CN,2022-07-07 21:26:48,47.4,130.3667,69.1,99,100,10.98
473,Washington,US,2022-07-07 21:26:49,47.5001,-120.5015,79.48,47,93,5.17
474,Manyana,BW,2022-07-07 21:26:49,-23.4,21.7167,57.52,31,0,8.32
475,Mizan Teferi,ET,2022-07-07 21:26:49,6.9833,35.5833,59.74,96,79,3.06
476,West Point,US,2022-07-07 21:26:50,33.6076,-88.6503,97.36,48,0,10.36
477,Todos Santos,MX,2022-07-07 21:26:50,23.45,-110.2167,83.44,47,24,5.41
478,Praia,CV,2022-07-07 21:26:50,14.9215,-23.5087,77.54,69,20,12.66
479,Aksay,RU,2022-07-07 21:26:51,47.26,39.87,79.25,24,0,7.0
480,Ginda,IN,2022-07-07 21:26:51,30.6945,78.4932,68.14,94,90,2.01
481,Launceston,AU,2022-07-07 21:26:51,-41.45,147.1667,40.64,91,40,8.05
482,Ipixuna,BR,2022-07-07 21:26:52,-1.7625,-48.8043,75.74,94,100,4.25
483,Meulaboh,ID,2022-07-07 21:26:52,4.1363,96.1285,75.92,89,70,2.75
484,Imbituba,BR,2022-07-07 21:26:52,-28.24,-48.6703,70.09,77,100,3.31
485,Huilong,CN,2022-07-07 21:26:52,31.8111,121.655,83.93,89,29,5.23
486,Molokovo,RU,2022-07-07 21:26:53,58.1661,36.7628,53.31,98,4,6.69
487,Tocopilla,CL,2022-07-07 21:26:53,-22.092,-70.1979,66.96,66,85,4.65
488,Klyuchi,RU,2022-07-07 21:26:53,52.2667,79.1667,62.92,82,100,6.17
489,Tsiroanomandidy,MG,2022-07-07 21:26:54,-18.7667,46.0333,55.35,73,0,3.51
490,Liuli,TZ,2022-07-07 21:26:54,-11.0833,34.6333,70.3,70,24,5.79
491,Sonoita,MX,2022-07-07 21:26:54,31.85,-112.8333,98.89,17,0,9.71
492,Zaysan,KZ,2022-07-07 21:26:54,47.4667,84.8667,64.69,39,75,10.29
493,Kardla,EE,2022-07-07 21:26:55,58.9978,22.7492,63.05,71,100,3.27
494,Tumpat,MY,2022-07-07 21:26:55,6.1978,102.171,78.78,94,20,2.3
495,Moura,PT,2022-07-07 21:26:55,38.1401,-7.4486,84.31,22,0,3.8
496,Zhanaozen,KZ,2022-07-07 21:26:56,43.3,52.8,75.83,29,15,11.14
497,Lata,PT,2022-07-07 21:26:56,40.1629,-8.3327,72.95,38,0,4.34
498,Jiwani,PK,2022-07-07 21:26:56,25.05,61.7417,83.86,86,100,7.9
499,Tobol,KZ,2022-07-07 21:26:56,52.6844,62.5794,59.54,97,62,8.5
500,Stuttgart,DE,2022-07-07 21:24:43,48.7823,9.177,64.65,75,0,9.22
501,Manaure,CO,2022-07-07 21:26:57,11.7751,-72.4445,90.82,51,4,19.13
502,Chickasha,US,2022-07-07 21:26:57,35.0526,-97.9364,104.92,27,0,9.22
503,Shakawe,BW,2022-07-07 21:26:57,-18.3667,21.85,58.62,39,0,6.49
504,Maumere,ID,2022-07-07 21:26:58,-8.6199,122.2111,74.25,81,53,7.52
505,Visnes,NO,2022-07-07 21:26:58,59.3556,5.2242,55.22,82,75,8.05
506,Trat,TH,2022-07-07 21:26:58,12.5,102.5,82.81,91,100,2.44
507,Dera Bugti,PK,2022-07-07 21:26:59,29.0307,69.151,84.0,75,24,9.06
508,Lujiang,CN,2022-07-07 21:26:59,31.2581,117.2817,78.78,93,13,7.74
509,Santana Do Paraiso,BR,2022-07-07 21:26:59,-19.3636,-42.5686,64.72,56,0,1.14
510,Chifeng,CN,2022-07-07 21:28:00,42.2683,118.9636,70.84,58,34,7.49
511,Palizada,MX,2022-07-07 21:28:00,18.25,-92.0833,93.09,45,76,7.85
512,Hohhot,CN,2022-07-07 21:28:00,40.8106,111.6522,71.89,56,40,13.42
513,Bonthe,SL,2022-07-07 21:28:01,7.5264,-12.505,76.68,88,45,6.67
514,Krasnyy Yar,RU,2022-07-07 21:28:01,46.5331,48.3456,64.33,59,0,5.1
515,Krasnokamensk,RU,2022-07-07 21:28:01,50.0979,118.0369,58.69,96,100,10.87
516,Casimiro De Abreu,BR,2022-07-07 21:28:02,-22.4806,-42.2042,74.98,61,0,3.67
517,Pacific Grove,US,2022-07-07 21:28:02,36.6177,-121.9166,82.02,78,20,11.5
518,San Rafael,AR,2022-07-07 21:27:23,-34.6177,-68.3301,51.85,26,1,6.11
519,Mathathane,BW,2022-07-07 21:28:02,-22.2687,28.7495,60.26,58,0,6.82
520,Bilma,NE,2022-07-07 21:28:03,18.6853,12.9164,93.11,13,7,8.03
521,Oparino,RU,2022-07-07 21:28:03,59.8518,48.2783,68.45,81,65,7.2
522,Erenhot,CN,2022-07-07 21:28:03,43.6475,111.9767,70.77,30,25,6.85
523,Davidson,US,2022-07-07 21:28:04,36.1501,-86.7833,87.91,67,75,6.91
524,Talara,PE,2022-07-07 21:26:11,-4.5772,-81.2719,72.36,68,0,10.36
525,Eisenerz,AT,2022-07-07 21:28:04,47.5333,14.8833,54.99,98,100,2.89
526,Nishihara,JP,2022-07-07 21:28:04,26.1842,127.7558,81.68,92,40,5.75
527,Conceicao Do Araguaia,BR,2022-07-07 21:28:05,-8.2578,-49.2647,85.39,38,0,4.0
528,Cap-Aux-Meules,CA,2022-07-07 21:28:05,47.3821,-61.8597,62.65,63,20,13.8
529,Boksitogorsk,RU,2022-07-07 21:28:05,59.474,33.8485,54.61,97,17,5.03
530,Mana,GF,2022-07-07 21:28:06,5.6592,-53.7767,79.83,85,4,10.09
531,Rovaniemi,FI,2022-07-07 21:27:46,66.5,25.7167,53.01,93,20,5.75
532,Karratha,AU,2022-07-07 21:28:06,-20.7377,116.8463,60.89,34,0,10.22
533,Nabisar,PK,2022-07-07 21:28:06,25.0685,69.6419,87.57,69,100,5.55
534,Kaitong,CN,2022-07-07 21:28:07,44.8135,123.15,72.72,75,33,6.78
535,Makat,KZ,2022-07-07 21:28:07,47.6469,53.3463,77.54,34,0,5.68
536,Gat,IL,2022-07-07 21:28:07,31.61,34.7642,77.68,70,0,2.39
537,Gold Coast,AU,2022-07-07 21:26:23,-28.0,153.4333,55.04,92,0,1.14
538,Zenzeli,RU,2022-07-07 21:28:08,45.9241,47.0474,66.76,55,0,7.61
539,Xuddur,SO,2022-07-07 21:28:08,4.1213,43.8894,71.6,70,76,22.03
540,Bronnoysund,NO,2022-07-07 21:28:08,65.4625,12.1997,51.8,93,75,8.05
541,Ngunguru,NZ,2022-07-07 21:28:09,-35.6167,174.5,63.36,95,100,25.32
542,Fallon,US,2022-07-07 21:28:09,39.4735,-118.7774,89.46,15,20,0.0
543,Davenda,RU,2022-07-07 21:28:09,53.5556,119.317,53.46,85,100,4.54
544,Ust-Kuyga,RU,2022-07-07 21:28:10,70.0167,135.6,52.14,58,100,12.17
545,Deputatskiy,RU,2022-07-07 21:28:10,69.3,139.9,44.37,99,100,6.13
546,Doume,CM,2022-07-07 21:28:10,4.2333,13.45,67.98,98,95,2.64
547,Turukhansk,RU,2022-07-07 21:28:11,65.8167,87.9833,48.45,76,98,2.1
548,Honghu,CN,2022-07-07 21:28:11,29.8206,113.4621,77.67,90,98,4.38
549,Pontefract,GB,2022-07-07 21:28:11,53.6911,-1.3127,63.79,78,45,1.99
550,Enid,US,2022-07-07 21:28:12,36.3956,-97.8784,109.98,27,0,8.05
551,Pulandian,CN,2022-07-07 21:28:12,39.3953,121.9669,71.22,96,3,6.15
552,Zhangye,CN,2022-07-07 21:28:12,38.9342,100.4517,72.84,33,28,3.02
553,Qostanay,KZ,2022-07-07 21:25:17,53.1667,63.5833,61.09,94,40,8.95
554,Merke,KZ,2022-07-07 21:28:13,42.8728,73.1786,63.9,46,0,4.41
555,Dutse,NG,2022-07-07 21:28:13,11.7594,9.3392,82.99,55,83,14.92
556,Queretaro,MX,2022-07-07 21:26:35,21.0,-99.9167,76.05,42,72,16.31
557,Agadez,NE,2022-07-07 21:29:13,19.75,10.25,90.37,13,13,9.84
558,Pontianak,ID,2022-07-07 21:29:14,-0.0333,109.3333,75.18,100,40,1.14
559,Hovd,MN,2022-07-07 21:29:14,48.0056,91.6419,59.59,41,7,5.39
560,Maldonado,UY,2022-07-07 21:29:14,-34.6667,-54.9167,49.23,54,0,8.03
561,Pictou,CA,2022-07-07 21:29:14,45.6834,-62.7153,67.44,68,42,8.05
562,Tshela,CD,2022-07-07 21:29:15,-4.9833,12.9333,66.06,93,6,2.44
563,Ixtapa,MX,2022-07-07 21:29:15,20.7,-105.2,88.23,79,40,12.66
564,Arlit,NE,2022-07-07 21:29:15,18.7369,7.3853,94.86,10,0,12.88
565,Moose Factory,CA,2022-07-07 21:29:16,51.2585,-80.6094,53.6,93,100,11.5
566,Kautokeino,NO,2022-07-07 21:29:16,69.0125,23.0412,49.33,81,87,7.74
567,Leua,SK,2022-07-07 21:29:16,48.2156,18.6071,59.34,73,100,8.5
568,Klimovo,RU,2022-07-07 21:29:16,52.3805,32.1923,58.59,83,92,3.22
569,Yarada,IN,2022-07-07 21:29:17,17.65,83.2667,80.92,89,75,3.44
570,Gallup,US,2022-07-07 21:29:17,35.5281,-108.7426,87.64,11,0,10.36
571,Ballina,AU,2022-07-07 21:29:17,-28.8667,153.5667,55.02,82,1,10.94
